Sno,Position,LINK,CAMPUS,REQUIREMENT,REDIRECT_TO,ASPECT_RATIO,SOURCE_FILE,REMARKS
1,Navbar – Logo,https://jct1.teammistake.com/site_assests/logo.svg,all,image,,3:1,site.ts,"Need header logo. SVG preferred. Transparent background. ~160×48px"
2,Navbar – Logo click,https://jct1.teammistake.com/,all,redirect,/,–,navigation.ts,"On click → goes to Home page"
3,Navbar – Apply Now button,–,all,redirect,/admissions/apply,–,navigation.ts,"Sticky CTA in top-right. On click → goes to Apply Now form"
4,Footer – Logo,https://jct1.teammistake.com/site_assests/footer-logo.png,all,image,,3:1,site.ts,"Footer logo. PNG/SVG. ~160×48px. Currently no clear footer-only variant"
5,Footer – Facebook icon,https://jct1.teammistake.com/,all,redirect,https://facebook.com/jctinstitutions,1:1,site.ts,"On click → opens JCT Facebook page in new tab"
6,Footer – Instagram icon,https://jct1.teammistake.com/,all,redirect,https://instagram.com/jctinstitutions,1:1,site.ts,"On click → opens JCT Instagram page"
7,Footer – Twitter/X icon,https://jct1.teammistake.com/,all,redirect,https://x.com/jctinstitutions,1:1,site.ts,"On click → opens JCT Twitter page"
8,Footer – LinkedIn icon,https://jct1.teammistake.com/,all,redirect,https://linkedin.com/school/jctinstitutions,1:1,site.ts,"On click → opens JCT LinkedIn page"
9,Footer – YouTube icon,https://jct1.teammistake.com/,all,redirect,https://youtube.com/@jctinstitutions,1:1,site.ts,"On click → opens JCT YouTube channel"
10,Footer – Google Map embed,https://www.google.com/maps?q=JCT+Institutions+Knowledge+Park+Pichanur+Coimbatore+641105&output=embed,all,image,,16:9,site.ts,"Embedded map of campus. 600×400px iframe. Needs internet to load"
11,Footer – View on Google Maps,–,all,redirect,https://maps.google.com/?q=JCT+Institutions+Knowledge+Park+Pichanur+Coimbatore+641105,–,site.ts,"On click → opens Google Maps with campus location"
12,Footer – Address text,–,all,content,–,–,site.ts,"Velandhavalam Main Road, Pichanur, Coimbatore - 641105, TamilNadu — needs to be confirmed on site"
13,Footer – Phone number,–,all,content,–,–,site.ts,"+91 93614 88801 — confirm this number is active and correct"
14,Footer – Alt phone,–,all,content,–,–,site.ts,"+91 422 264 5566 — confirm this is still valid"
15,Footer – Email,–,all,content,–,–,site.ts,"info@jct.ac.in — confirm inbox is monitored"
16,Footer – Admissions email,–,all,content,–,–,site.ts,"admissions@jct.ac.in — confirm inbox is monitored"
17,Footer – Counselling code,–,all,content,–,–,site.ts,"Code: 2769 — verify this is current year's counselling code"
18,Footer – Copyright text,–,all,content,–,–,site.ts,"© 2026 JCT Institutions. All rights reserved — confirm year auto-updates"
19,Floating – WhatsApp button icon,https://jct1.teammistake.com/site_assests/phone-ywl.svg,all,image,,1:1,site.ts,"WhatsApp floating bubble icon. SVG. 56×56px. Needs good contrast"
20,Floating – WhatsApp button click,–,all,redirect,https://wa.me/919361444408,–,site.ts,"On click → opens WhatsApp chat with JCT admissions number"
21,Floating – Chatbot button icon,–,all,image,,1:1,ChatbotButton.tsx,"Robot/chat icon. 56×56px. Animated on hover"
22,Floating – Chatbot button click,–,all,redirect,(opens chatbot panel),–,ChatbotButton.tsx,"On click → opens chatbot popup panel from bottom-left"
23,Home – Hero slide 1,https://jct1.teammistake.com/site_assests/banner2.jpeg,landing,image,,16:9,home.ts,"Main homepage hero background. 1920×1080px. WebP preferred. Under 400KB"
24,Home – Hero slide 2,https://jct1.teammistake.com/site_assests/future-banner.webp,landing,image,,16:9,home.ts,"Second auto-sliding hero background. 1920×1080px. WebP"
25,Home – Hero slide 3,https://jct1.teammistake.com/site_assests/facility-bg.jpg.jpeg,landing,image,,16:9,home.ts,"Third hero slide — facility view. 1920×1080px. Currently JPEG inside JPEG filename — needs re-export"
26,Home – Hero heading,–,landing,content,–,–,home.ts,"Text: One Campus. / Three Pathways. / Unlimited Futures. — confirm final approved copy"
27,Home – Hero CTA 1,–,landing,redirect,/admissions/apply,–,home.ts,"Apply Now primary button. On click → goes to admissions apply page"
28,Home – Hero CTA 2,–,landing,redirect,/#admissions,–,home.ts,"Enquire Admissions secondary button. On click → scrolls to admissions section"
29,Home – Trust badge: NAAC Accredited,–,landing,content,–,–,home.ts,"Badge label only (icon + text). Confirm NAAC grade to show (Grade A)"
30,Home – Trust badge: 100+ Recruiters,–,landing,content,–,–,home.ts,"Stat badge. Confirm latest recruiter count"
31,Home – Trust badge: 10000+ Students,–,landing,content,–,–,home.ts,"Stat badge. Confirm current enrollment total"
32,Home – Trust badge: 95% Placement,–,landing,content,–,–,home.ts,"Stat badge. Note: placements.ts says 96% — pick one consistent number"
33,Home – Engineering card image,https://jct1.teammistake.com/site_assests/engineering.jpeg,landing,image,,3:2,site.ts,"Engineering institution card photo. 400×267px. WebP preferred"
34,Home – Engineering card – Explore,–,landing,redirect,/institutions/engineering,–,home.ts,"On click → goes to Engineering college page"
35,Home – Arts & Science card image,https://jct1.teammistake.com/site_assests/arts.jpeg,landing,image,,3:2,site.ts,"Arts & Science card photo. 400×267px. WebP preferred"
36,Home – Arts card – Explore,–,landing,redirect,/institutions/arts-science,–,home.ts,"On click → goes to Arts & Science page"
37,Home – Polytechnic card image,https://jct1.teammistake.com/site_assests/polytechnic.jpeg,landing,image,,3:2,site.ts,"Polytechnic card photo. 400×267px. WebP preferred"
38,Home – Polytechnic card – Explore,–,landing,redirect,/institutions/polytechnic,–,home.ts,"On click → goes to Polytechnic page"
39,Home – Stat: Years of Excellence,–,landing,content,–,–,site.ts,"15 Years of Excellence — confirm if this is 2024 or 2026"
40,Home – Stat: Students,–,landing,content,–,–,site.ts,"5000+ Students — confirm current enrollment"
41,Home – Stat: Faculty,–,landing,content,–,–,site.ts,"300+ Faculty Members — confirm current count"
42,Home – Stat: Recruiters,–,landing,content,–,–,site.ts,"200+ Recruiters — confirm latest number"
43,Home – Stat: Alumni,–,landing,content,–,–,site.ts,"12000+ Alumni — confirm count"
44,Home – Stat: Programs,–,landing,content,–,–,site.ts,"50+ Programs — confirm exact count"
45,Home – Placements section heading,–,landing,content,–,–,placements.ts,"Training & Placement Cell — heading text for home page section"
46,Home – Placement stat: Rate,–,landing,content,–,–,placements.ts,"96% Placement Rate — 2023-24 Batch. Confirm this is latest year"
47,Home – Placement stat: Highest Package,–,landing,content,–,–,placements.ts,"12 LPA Highest Package — confirm if still current"
48,Home – Placement stat: Recruiters,–,landing,content,–,–,placements.ts,"200+ Recruiters — confirm matches site.ts value"
49,Home – Placement stat: Students Placed,–,landing,content,–,–,placements.ts,"450 placed out of 470 eligible — 2023-24"
50,Home – Recruiter logo: TCS,https://jct1.teammistake.com/company_logo/tcs.png,landing,image,,1:1,placements.ts,"TCS logo in recruiter strip. 120×60px. PNG transparent. Confirm file exists"
51,Home – Recruiter logo: Infosys,https://jct1.teammistake.com/company_logo/infosys.png,landing,image,,1:1,placements.ts,"Infosys logo. 120×60px. PNG transparent. Confirm file exists"
52,Home – Recruiter logo: Wipro,https://jct1.teammistake.com/company_logo/wipro.png,landing,image,,1:1,placements.ts,"Wipro logo. 120×60px. PNG transparent. Confirm file exists"
53,Home – Recruiter logo: Cognizant,https://jct1.teammistake.com/company_logo/cognizant.png,landing,image,,1:1,placements.ts,"Cognizant logo. Confirm file exists in /company_logo/"
54,Home – Recruiter logo: HCL,https://jct1.teammistake.com/company_logo/hcl.png,landing,image,,1:1,placements.ts,"HCL Technologies logo. Confirm file exists"
55,Home – Recruiter logo: Zoho,https://jct1.teammistake.com/company_logo/zoho.png,landing,image,,1:1,placements.ts,"Zoho logo. Confirm file exists"
56,Home – Recruiter names (scrolling strip),–,landing,content,–,–,placements.ts,"25 companies: TCS · Infosys · Wipro · Cognizant · HCL · Zoho · Freshworks · L&T · Ashok Leyland · TVS · Hyundai · TATA · Accenture · Capgemini · Tech Mahindra · Mphasis · Mindtree · Robert Bosch · Siemens · Amazon · Flipkart · Byju's · CTS · DXC Technology · IBM — confirm list is up to date"
57,Home – Accreditation: NAAC badge,https://jct1.teammistake.com/naac.png,landing,image,,1:1,site.ts,"NAAC badge. 80×80px. PNG transparent. File path /naac.png must exist in /public/"
58,Home – Accreditation: NBA badge,https://jct1.teammistake.com/nba.png,landing,image,,1:1,site.ts,"NBA badge. File /nba.png must exist in /public/"
59,Home – Accreditation: AICTE badge,https://jct1.teammistake.com/aicte.png,landing,image,,1:1,site.ts,"AICTE badge. File /aicte.png must exist in /public/"
60,Home – Accreditation: ISO badge,https://jct1.teammistake.com/iso.png,landing,image,,1:1,site.ts,"ISO 9001:2015 badge. File /iso.png must exist"
61,Home – Accreditation: Anna University badge,https://jct1.teammistake.com/anna.png,landing,image,,1:1,site.ts,"Anna University affiliation badge. File /anna.png must exist"
62,Home – Accreditation: Bharathiar badge,https://jct1.teammistake.com/bharathiar_university.png,landing,image,,1:1,site.ts,"Bharathiar University badge. File path must exist"
63,Home – Accreditation: UGC badge,https://jct1.teammistake.com/ugc.png,landing,image,,1:1,site.ts,"UGC badge. File must exist"
64,Home – Accreditation: DOTE badge,https://jct1.teammistake.com/dote.png,landing,image,,1:1,site.ts,"DOTE approval badge. File must exist"
65,Home – Testimonial photo: Harish V.,https://jct1.teammistake.com/site_assests/2.jpeg,landing,image,,1:1,engineering.ts,"Alumni photo. 80×80px circle crop. JPEG. Check face is clearly visible"
66,Home – Testimonial text: Harish V.,–,landing,content,–,–,engineering.ts,"Harish V. — Software Engineer at Infosys — Alumni. Quote: Our final-year project was reviewed by industry mentors... — confirm this person approved the quote"
67,Home – Testimonial photo: Keerthana M.,https://jct1.teammistake.com/site_assests/3.jpeg,landing,image,,1:1,engineering.ts,"Student photo. 80×80px. Confirm person & quote approved"
68,Home – Testimonial text: Keerthana M.,–,landing,content,–,–,engineering.ts,"Keerthana M. — Graduate Engineer Trainee at Caterpillar — Quote: placement training and mock interviews made a huge difference"
69,Home – Testimonial photo: R. Suresh,https://jct1.teammistake.com/site_assests/8.jpg.jpeg,landing,image,,1:1,engineering.ts,"Industry partner VIP photo. 80×80px. Filename has double extension — re-export needed"
70,Home – Testimonial text: R. Suresh,–,landing,content,–,–,engineering.ts,"R. Suresh — Senior Manager, Industry Partner — Quote: JCT students stand out for practical clarity"
71,About – Chairman photo,https://jct1.teammistake.com/site_assests/banner2.jpg.jpeg,landing,image,,1:1,about.ts,"Dr. R. Jayaraman — Chairman photo. Currently using banner2 as placeholder — needs a proper portrait photo. 400×500px"
72,About – Chairman name & title,–,landing,content,–,–,about.ts,"Dr. R. Jayaraman — Chairman, JCT Group of Institutions — confirm correct title"
73,About – Principal photo,https://jct1.teammistake.com/site_assests/banner3.jpg.jpeg,landing,image,,1:1,about.ts,"Dr. S. Karthikeyan — Principal photo. Using banner3 as placeholder — needs a proper portrait. 400×500px"
74,About – Principal name & title,–,landing,content,–,–,about.ts,"Dr. S. Karthikeyan — Principal, JCT College of Engineering & Technology — confirm"
75,About – Vision text,–,landing,content,–,–,about.ts,"Vision: To be a globally recognized centre of excellence... — confirm this is the board-approved vision statement"
76,About – Mission points (5),–,landing,content,–,–,about.ts,"5 mission statements listed — confirm all are current and approved"
77,About – Core Value: Excellence,–,landing,content,–,–,about.ts,"Excellence — Striving for the highest standards — confirm copy is approved"
78,About – Core Value: Integrity,–,landing,content,–,–,about.ts,"Integrity — Upholding ethical principles — confirm approved"
79,About – Core Value: Innovation,–,landing,content,–,–,about.ts,"Innovation — Encouraging creative thinking — confirm approved"
80,About – Core Value: Inclusivity,–,landing,content,–,–,about.ts,"Inclusivity — Embracing diversity — confirm approved"
81,About – Core Value: Service,–,landing,content,–,–,about.ts,"Service — Contributing to society — confirm approved"
82,Eng – Hero banner,https://jct1.teammistake.com/site_assests/engineering.jpeg,eng,image,,16:9,engineering.ts,"Engineering college hero/banner. 1920×600px. WebP. Current file is small JPEG — needs high-res version"
83,Eng – Page title,–,eng,content,–,–,engineering.ts,"JCT College of Engineering & Technology — confirm exact institution name"
84,Eng – Stat: Placement Rate,–,eng,content,–,–,engineering.ts,"92% — Placement Rate — 2023-24 Batch — note: home page shows 96%. Align the two numbers"
85,Eng – Stat: Highest Package,–,eng,content,–,–,engineering.ts,"₹8.4L — Highest Package — On-campus — confirm latest figure"
86,Eng – Stat: Recruiters,–,eng,content,–,–,engineering.ts,"45+ Recruiters visiting annually — confirm"
87,Eng – Stat: Offers Made,–,eng,content,–,–,engineering.ts,"500+ Offers in last 3 years — confirm"
88,Eng – Stat: Lab Access,–,eng,content,–,–,engineering.ts,"100% Lab Access — Industry-grade — confirm"
89,Eng – Stat: Patents Filed,–,eng,content,–,–,engineering.ts,"25+ Patents — Faculty & Students — confirm current count"
90,Eng – UG Course 1: CSE photo,https://jct1.teammistake.com/site_assests/computer-img1.jpg.jpeg,eng,image,,3:2,engineering.ts,"CSE course card photo. 400×267px. NBA Accredited badge shown on card. Filename has double extension"
91,Eng – UG Course 1: CSE content,–,eng,content,–,–,engineering.ts,"Computer Science & Engineering · CSE · 120 seats · NBA Accredited · AI/ML Software Engineering Cloud Computing"
92,Eng – UG Course 1: CSE link,–,eng,redirect,/institutions/engineering/cse,–,engineering.ts,"On click on card → goes to CSE department detail page"
93,Eng – UG Course 2: AI&DS photo,https://jct1.teammistake.com/site_assests/course-img1.webp,eng,image,,3:2,engineering.ts,"AI & Data Science course card. 400×267px. WebP"
94,Eng – UG Course 2: AI&DS content,–,eng,content,–,–,engineering.ts,"Artificial Intelligence & Data Science · AI&DS · 60 seats · B.Tech program"
95,Eng – UG Course 2: AI&DS link,–,eng,redirect,/institutions/engineering/aids,–,engineering.ts,"On click → goes to AI&DS department page"
96,Eng – UG Course 3: CSBS photo,https://jct1.teammistake.com/site_assests/course-img2.webp,eng,image,,3:2,engineering.ts,"CSBS course card. 400×267px. WebP"
97,Eng – UG Course 3: CSBS content,–,eng,content,–,–,engineering.ts,"Computer Science & Business Systems · CSBS · 60 seats · B.E."
98,Eng – UG Course 3: CSBS link,–,eng,redirect,/institutions/engineering/csbs,–,engineering.ts,"On click → CSBS department page"
99,Eng – UG Course 4: ECE photo,https://jct1.teammistake.com/site_assests/course-img3.webp,eng,image,,3:2,engineering.ts,"ECE course card. 400×267px. NBA Accredited badge"
100,Eng – UG Course 4: ECE content,–,eng,content,–,–,engineering.ts,"Electronics & Communication Engineering · ECE · 60 seats · NBA Accredited"
101,Eng – UG Course 4: ECE link,–,eng,redirect,/institutions/engineering/ece,–,engineering.ts,"On click → ECE department page"
102,Eng – UG Course 5: EEE photo,https://jct1.teammistake.com/site_assests/eee-img.jpg.jpeg,eng,image,,3:2,engineering.ts,"EEE course card. 400×267px. NBA Accredited. Filename double extension"
103,Eng – UG Course 5: EEE content,–,eng,content,–,–,engineering.ts,"Electrical & Electronics Engineering · EEE · 60 seats · NBA Accredited"
104,Eng – UG Course 5: EEE link,–,eng,redirect,/institutions/engineering/eee,–,engineering.ts,"On click → EEE department page"
105,Eng – UG Course 6: MECH photo,https://jct1.teammistake.com/site_assests/mech-img.jpg.jpeg,eng,image,,3:2,engineering.ts,"Mech course card. 400×267px. NBA Accredited"
106,Eng – UG Course 6: MECH content,–,eng,content,–,–,engineering.ts,"Mechanical Engineering · MECH · 60 seats · NBA Accredited"
107,Eng – UG Course 6: MECH link,–,eng,redirect,/institutions/engineering/mech,–,engineering.ts,"On click → Mech department page"
108,Eng – UG Course 7: Civil photo,https://jct1.teammistake.com/site_assests/civil-img-1.jpg.jpeg,eng,image,,3:2,engineering.ts,"Civil Engineering course card. 400×267px"
109,Eng – UG Course 7: Civil content,–,eng,content,–,–,engineering.ts,"Civil Engineering · CE · 60 seats · Structural, Construction, Environmental"
110,Eng – UG Course 7: Civil link,–,eng,redirect,/institutions/engineering/ce,–,engineering.ts,"On click → Civil department page"
111,Eng – UG Course 8: BioTech photo,https://jct1.teammistake.com/site_assests/bio-lab-img.jpg.jpeg,eng,image,,3:2,engineering.ts,"Biotech course card. 400×267px"
112,Eng – UG Course 8: BioTech content,–,eng,content,–,–,engineering.ts,"Bio-Technology & Bio-Chemical Engineering · BT · 60 seats"
113,Eng – UG Course 8: BioTech link,–,eng,redirect,/institutions/engineering/bt,–,engineering.ts,"On click → BioTech department page"
114,Eng – UG Course 9: Food Tech photo,https://jct1.teammistake.com/site_assests/food-img-1.jpg.jpeg,eng,image,,3:2,engineering.ts,"Food Technology course card. 400×267px"
115,Eng – UG Course 9: Food Tech content,–,eng,content,–,–,engineering.ts,"Food Technology · FT · 60 seats · Processing, Safety, Quality"
116,Eng – UG Course 9: Food Tech link,–,eng,redirect,/institutions/engineering/ft,–,engineering.ts,"On click → Food Tech department page"
117,Eng – UG Course 10: Petroleum photo,https://jct1.teammistake.com/site_assests/petoleum-img.jpg.jpeg,eng,image,,3:2,engineering.ts,"Petroleum Eng card. Note typo in filename: 'petoleum' → rename to petroleum-img"
118,Eng – UG Course 10: Petroleum content,–,eng,content,–,–,engineering.ts,"Petroleum Engineering · PE · 60 seats · Reservoir Studies, Drilling"
119,Eng – UG Course 10: Petroleum link,–,eng,redirect,/institutions/engineering/pe,–,engineering.ts,"On click → Petroleum department page"
120,Eng – UG Course 11: PCT photo,https://jct1.teammistake.com/site_assests/p-c-img.jpg.jpeg,eng,image,,3:2,engineering.ts,"Petrochemical Technology card. 400×267px"
121,Eng – UG Course 11: PCT content,–,eng,content,–,–,engineering.ts,"Petrochemical Technology · PCT · 60 seats"
122,Eng – UG Course 11: PCT link,–,eng,redirect,/institutions/engineering/pct,–,engineering.ts,"On click → Petrochemical department page"
123,Eng – PG Course 1: Structural Eng photo,https://jct1.teammistake.com/site_assests/civil-img-1.jpg.jpeg,eng,image,,3:2,engineering.ts,"Reusing civil photo for PG Structural Eng card — consider dedicated PG card image"
124,Eng – PG Course 1: Structural content,–,eng,content,–,–,engineering.ts,"Structural Engineering · M.E. · Advanced Structural Design, Analysis, Earthquake Engineering"
125,Eng – PG Course 1: Structural link,–,eng,redirect,/institutions/engineering/structural-engineering,–,engineering.ts,"On click → PG Structural Engineering page"
126,Eng – PG Course 2: Power Electronics photo,https://jct1.teammistake.com/site_assests/eee-img.jpg.jpeg,eng,image,,3:2,engineering.ts,"Reusing EEE photo for PG Power Electronics card — consider dedicated image"
127,Eng – PG Course 2: Power Electronics content,–,eng,content,–,–,engineering.ts,"Power Electronics & Drives · M.E. · Power Converters, Drives"
128,Eng – PG Course 2: Power Electronics link,–,eng,redirect,/institutions/engineering/power-electronics,–,engineering.ts,"On click → PG Power Electronics page"
129,Eng – PG Course 3: CSE AI/ML photo,https://jct1.teammistake.com/site_assests/course-img4.webp,eng,image,,3:2,engineering.ts,"CSE AI/ML PG card image. 400×267px. WebP"
130,Eng – PG Course 3: CSE AI/ML content,–,eng,content,–,–,engineering.ts,"CSE (AI & Machine Learning) · M.E. · Advanced AI, Machine Learning"
131,Eng – PG Course 3: CSE AI/ML link,–,eng,redirect,/institutions/engineering/cse-aiml,–,engineering.ts,"On click → PG CSE AIML page"
132,Eng – PhD: EEE Doctoral photo,https://jct1.teammistake.com/site_assests/course-img5.webp,eng,image,,3:2,engineering.ts,"Ph.D EEE program card image. 400×267px. WebP"
133,Eng – PhD: EEE Doctoral content,–,eng,content,–,–,engineering.ts,"Electrical & Electronics Engineering · Ph.D. · Doctoral research program"
134,Eng – Facility: HPC Lab,–,eng,content,–,–,engineering.ts,"High-Performance Computing Lab — GPU clusters for ML and simulation — confirm lab is open and current"
135,Eng – Facility: Manufacturing Workshop,–,eng,content,–,–,engineering.ts,"Advanced Manufacturing Workshop — CNC, 3D printers, welding, materials testing"
136,Eng – Facility: Electronics Prototyping,–,eng,content,–,–,engineering.ts,"Electronics Prototyping Center — PCB fab, oscilloscopes, spectrum analyzers"
137,Eng – Facility: R&D Cell,–,eng,content,–,–,engineering.ts,"Research & Innovation Cell — faculty-guided research, patents, prototypes"
138,Eng – Testimonial photo: Vikram N.,https://jct1.teammistake.com/site_assests/19.jpeg,eng,image,,1:1,engineering.ts,"Alumni photo. 80×80px circle crop. Confirm person approved this usage"
139,Eng – Testimonial: Vikram N.,–,eng,content,–,–,engineering.ts,"Vikram N. — Design Engineer at L&T — Alumni — confirm quote approved"
140,Eng – Testimonial photo: Janani P.,https://jct1.teammistake.com/site_assests/4564cb56ad6a43f1af8faa4f29ad9e51.jpg.jpeg,eng,image,,1:1,engineering.ts,"Student photo. Filename is a hash — rename to janani-p.jpg. Confirm person approved"
141,Eng – Testimonial: Janani P.,–,eng,content,–,–,engineering.ts,"Janani P. — Final Year ECE Student — quote about coding sessions"
142,Eng – Testimonial photo: Mohan Raj,https://jct1.teammistake.com/site_assests/WhatsApp-Image-2024-11-29-at-2.36.24-PM.jpeg,eng,image,,1:1,engineering.ts,"Industry VIP photo. Filename is a WhatsApp download name — rename to mohan-raj.jpeg"
143,Eng – Testimonial: Mohan Raj,–,eng,content,–,–,engineering.ts,"Mohan Raj — Plant Operations Lead, Caterpillar — confirm approval to use name on site"
144,Eng – CTA: Apply Now,–,eng,redirect,/admissions/apply,–,engineering.ts,"On click → goes to Apply Now admissions form"
145,Eng – CTA: Download Brochure,–,eng,redirect,/admissions/prospectus,–,engineering.ts,"On click → goes to prospectus/brochure download page"
146,Arts – Hero banner,https://jct1.teammistake.com/site_assests/arts.jpeg,art,image,,16:9,arts-science.tsx,"Arts & Science hero. 1920×600px. WebP. Current file may be low-res — check quality"
147,Arts – Page title,–,art,content,–,–,arts-science.tsx,"JCT College of Arts & Science — confirm exact name"
148,Arts – Stat: Students,–,art,content,–,–,arts-science.tsx,"2500+ Students — confirm current count for this college"
149,Arts – Stat: Programs,–,art,content,–,–,arts-science.tsx,"5 Programs — confirm this is still accurate"
150,Arts – Stat: Faculty,–,art,content,–,–,arts-science.tsx,"60+ Faculty Members — confirm for Arts college specifically"
151,Arts – Stat: Years,–,art,content,–,–,arts-science.tsx,"15+ Years of Excellence — confirm founding year"
152,Arts – Philosophy stat: Departments,–,art,content,–,–,arts-science.tsx,"6 Departments — confirm"
153,Arts – Philosophy stat: Ratio,–,art,content,–,–,arts-science.tsx,"30:1 Student-Faculty Ratio — confirm"
154,Arts – Philosophy stat: UGC,–,art,content,–,–,arts-science.tsx,"UGC Recognized — confirm recognition is current"
155,Arts – UG Course 1: BSc CS photo,https://jct1.teammistake.com/site_assests/computer-img1.jpg.jpeg,art,image,,3:2,arts-science.tsx,"BSc Computer Science card. 400×267px. Shared with Engineering CSE card — consider unique image"
156,Arts – UG Course 1: BSc CS content,–,art,content,–,–,arts-science.tsx,"B.Sc Computer Science · B.Sc. CS · 3 Years · Foundational tech for information society"
157,Arts – UG Course 1: BSc CS link,–,art,redirect,/institutions/arts-science/bsc-computer-science,–,arts-science.tsx,"On click → BSc CS department page"
158,Arts – UG Course 2: BSc AI/ML photo,https://jct1.teammistake.com/site_assests/course-img1.webp,art,image,,3:2,arts-science.tsx,"BSc AI & ML card. 400×267px. WebP"
159,Arts – UG Course 2: BSc AI/ML content,–,art,content,–,–,arts-science.tsx,"B.Sc Artificial Intelligence & ML · B.Sc. AI&ML · 3 Years"
160,Arts – UG Course 2: BSc AI/ML link,–,art,redirect,/institutions/arts-science/bsc-ai-ml,–,arts-science.tsx,"On click → BSc AI/ML page"
161,Arts – UG Course 3: BCA photo,https://jct1.teammistake.com/site_assests/course-img2.webp,art,image,,3:2,arts-science.tsx,"BCA card. 400×267px. WebP"
162,Arts – UG Course 3: BCA content,–,art,content,–,–,arts-science.tsx,"BCA (Bachelor of Computer Applications) · BCA · 3 Years"
163,Arts – UG Course 3: BCA link,–,art,redirect,/institutions/arts-science/bca,–,arts-science.tsx,"On click → BCA department page"
164,Arts – UG Course 4: BCom Logistics photo,https://jct1.teammistake.com/site_assests/banner2.jpeg,art,image,,3:2,arts-science.tsx,"BCom Logistics card using homepage banner as photo — needs dedicated course thumbnail"
165,Arts – UG Course 4: BCom Logistics content,–,art,content,–,–,arts-science.tsx,"B.Com Logistics & Supply Chain Management · B.Com · 3 Years"
166,Arts – UG Course 4: BCom Logistics link,–,art,redirect,/institutions/arts-science/bcom-logistics-supply-chain,–,arts-science.tsx,"On click → BCom Logistics page"
167,Arts – UG Course 5: BBA Logistics photo,https://jct1.teammistake.com/site_assests/banner.jpg.jpeg,art,image,,3:2,arts-science.tsx,"BBA Logistics card using homepage banner — needs dedicated course photo"
168,Arts – UG Course 5: BBA Logistics content,–,art,content,–,–,arts-science.tsx,"BBA Logistics · BBA · 3 Years · Logistics and shipping management"
169,Arts – UG Course 5: BBA Logistics link,–,art,redirect,/institutions/arts-science/bba-logistics,–,arts-science.tsx,"On click → BBA Logistics page"
170,Arts – HOD photo,–,art,image,,1:1,arts-departments.ts,"Dr. R. Lakshmi — Head of Department photo. No image path defined in data — needs photo added. 200×200px"
171,Arts – CTA: Apply Now,–,art,redirect,/admissions/apply,–,arts-science.tsx,"On click → Apply Now form"
172,Arts – CTA: Download Brochure,–,art,redirect,/admissions/prospectus,–,arts-science.tsx,"On click → Brochure/prospectus page"
173,Poly – Hero banner,https://jct1.teammistake.com/site_assests/polytechnic.jpeg,poly,image,,16:9,polytechnic.tsx,"Polytechnic hero. 1920×600px. WebP. Confirm high-res version available"
174,Poly – Page title,–,poly,content,–,–,polytechnic.tsx,"JCT Polytechnic College — confirm exact institution name"
175,Poly – Stat: Students,–,poly,content,–,–,polytechnic.tsx,"1200+ Students — confirm current enrollment for Polytechnic"
176,Poly – Stat: Programs,–,poly,content,–,–,polytechnic.tsx,"6 Programs — confirm current diploma count"
177,Poly – Stat: Placement Rate,–,poly,content,–,–,polytechnic.tsx,"85% Placement Rate — confirm latest figure"
178,Poly – Stat: Duration,–,poly,content,–,–,polytechnic.tsx,"3 Yrs Duration — standard for all diploma programs"
179,Poly – Connect stat: Departments,–,poly,content,–,–,polytechnic.tsx,"6 Departments — confirm"
180,Poly – Connect stat: Ratio,–,poly,content,–,–,polytechnic.tsx,"25:1 Student–Faculty Ratio — confirm"
181,Poly – Connect stat: Approval,–,poly,content,–,–,polytechnic.tsx,"AICTE Approved — confirm current approval"
182,Poly – Diploma 1: Computer Tech photo,https://jct1.teammistake.com/site_assests/computer-img1.jpg.jpeg,poly,image,,3:2,polytechnic.tsx,"Diploma Computer Technology card. Same image used across 3 colleges — unique image needed"
183,Poly – Diploma 1: Computer Tech content,–,poly,content,–,–,polytechnic.tsx,"Diploma in Computer Technology · 3 Years · IT support, software testing"
184,Poly – Diploma 1: Computer Tech link,–,poly,redirect,/institutions/polytechnic/computer-technology,–,polytechnic.tsx,"On click → Diploma Computer Technology page"
185,Poly – Diploma 2: Agricultural Eng photo,https://jct1.teammistake.com/site_assests/agriculture-1-e1631252645760.jpg.jpeg,poly,image,,3:2,polytechnic.tsx,"Agricultural Engineering diploma card. Filename is a WordPress-style name — rename cleanly"
186,Poly – Diploma 2: Agricultural Eng content,–,poly,content,–,–,polytechnic.tsx,"Diploma in Agricultural Engineering · 3 Years · Agro-industries, rural tech"
187,Poly – Diploma 2: Agricultural Eng link,–,poly,redirect,/institutions/polytechnic/agricultural-engineering,–,polytechnic.tsx,"On click → Agricultural Engineering page"
188,Poly – Diploma 3: Petrochemical photo,https://jct1.teammistake.com/site_assests/petoleum-img.jpg.jpeg,poly,image,,3:2,polytechnic.tsx,"Petrochemical Diploma card. Same image as Engineering Petroleum course — needs own photo"
189,Poly – Diploma 3: Petrochemical content,–,poly,content,–,–,polytechnic.tsx,"Diploma in Petrochemical Engineering · 3 Years · Refinery, plant operations"
190,Poly – Diploma 3: Petrochemical link,–,poly,redirect,/institutions/polytechnic/petrochemical-engineering,–,polytechnic.tsx,"On click → Petrochemical Engineering page"
191,Poly – Diploma 4: Mechanical photo,https://jct1.teammistake.com/site_assests/mech-img.jpg.jpeg,poly,image,,3:2,polytechnic.tsx,"Mechanical Diploma card. Shared with Eng MECH — unique polytechnic workshop photo preferred"
192,Poly – Diploma 4: Mechanical content,–,poly,content,–,–,polytechnic.tsx,"Diploma in Mechanical Engineering · 3 Years · CNC, AutoCAD, manufacturing"
193,Poly – Diploma 4: Mechanical link,–,poly,redirect,/institutions/polytechnic/mechanical-engineering,–,polytechnic.tsx,"On click → Diploma Mechanical page"
194,Poly – Diploma 5: EEE photo,https://jct1.teammistake.com/site_assests/eee-img.jpg.jpeg,poly,image,,3:2,polytechnic.tsx,"EEE Diploma card. Shared with Eng EEE — unique polytechnic electrical lab photo preferred"
195,Poly – Diploma 5: EEE content,–,poly,content,–,–,polytechnic.tsx,"Diploma in Electrical & Electronics Engineering · 3 Years · PLC, power systems"
196,Poly – Diploma 5: EEE link,–,poly,redirect,/institutions/polytechnic/electrical-electronics,–,polytechnic.tsx,"On click → EEE Diploma page"
197,Poly – Diploma 6: Civil photo,https://jct1.teammistake.com/site_assests/civil-img-1.jpg.jpeg,poly,image,,3:2,polytechnic.tsx,"Civil Diploma card. Shared with Eng Civil — polytechnic-specific site photo preferred"
198,Poly – Diploma 6: Civil content,–,poly,content,–,–,polytechnic.tsx,"Diploma in Civil Engineering · 3 Years · Site management, AutoCAD, structural"
199,Poly – Diploma 6: Civil link,–,poly,redirect,/institutions/polytechnic/civil-engineering,–,polytechnic.tsx,"On click → Diploma Civil page"
200,Poly – News image 1,https://jct1.teammistake.com/site_assests/banner6.jpeg,poly,image,,16:9,polytechnic.tsx,"Independence Day event photo. 600×340px. JPEG"
201,Poly – News item 1,–,poly,content,–,–,polytechnic.tsx,"Independence Day Celebrations — 76th anniversary — Tue 15 Aug 2023 — confirm more recent news is needed"
202,Poly – News image 2,https://jct1.teammistake.com/site_assests/MGL5086-1.webp,poly,image,,16:9,polytechnic.tsx,"Entrepreneur Talk event photo. 600×340px. WebP"
203,Poly – News item 2,–,poly,content,–,–,polytechnic.tsx,"Entrepreneur Talk — Oct 2022 — this is 3+ years old. Update with 2025-26 news"
204,Poly – CTA: Apply Now,–,poly,redirect,/admissions/apply,–,polytechnic.tsx,"On click → Apply Now form"
205,Poly – CTA: Download Brochure,–,poly,redirect,/admissions/prospectus,–,polytechnic.tsx,"On click → Brochure page"
206,Admissions – Page title,–,admin,content,–,–,admissions.ts,"Admissions 2026-27 — confirm year is auto-updated or manually set"
207,Admissions – Why JCT: Heading,–,admin,content,–,–,admissions.ts,"Why Choose JCT? — section heading"
208,Admissions – Why JCT reason 1,–,admin,content,–,–,admissions.ts,"Industry-Aligned Curriculum — programs designed with industry leaders — confirm copy approved"
209,Admissions – Why JCT reason 2,–,admin,content,–,–,admissions.ts,"Experienced Faculty — 300+ faculty — confirm number"
210,Admissions – Why JCT reason 3,–,admin,content,–,–,admissions.ts,"Modern Laboratories — state-of-the-art labs — confirm"
211,Admissions – Why JCT reason 4,–,admin,content,–,–,admissions.ts,"Strong Placement Support — 96% rate, 200+ recruiters, 12 LPA — confirm all 3 numbers"
212,Admissions – Why JCT reason 5,–,admin,content,–,–,admissions.ts,"NAAC & NBA Accredited — multiple accreditations — confirm badges available"
213,Admissions – Why JCT reason 6,–,admin,content,–,–,admissions.ts,"Holistic Development — sports, cultural, clubs — confirm"
214,Admissions – Why JCT reason 7,–,admin,content,–,–,admissions.ts,"Affordable Education — merit scholarships — confirm scholarship details are available"
215,Admissions – Why JCT reason 8,–,admin,content,–,–,admissions.ts,"Prime Location — Coimbatore — confirm address and connectivity info"
216,Admissions – Programs: Eng list,–,admin,content,–,–,admissions.ts,"5 engineering programs listed: CSE, MECH, CE, EEE, ECE — confirm these are the only 5 shown here vs 11 on Eng page"
217,Admissions – Programs: Arts list,–,admin,content,–,–,admissions.ts,"6 arts programs: BSc CS, BSc AI/ML, BSc Physics, BSc Chemistry, BSc Maths, BCom — confirm current offerings"
218,Admissions – Programs: Poly list,–,admin,content,–,–,admissions.ts,"6 diploma programs: DCE, DME, DCivil, DEE, DECE, DAE — confirm current offerings"
219,Admissions – Eligibility: Engineering,–,admin,content,–,–,admissions.ts,"B.E./B.Tech: 12th HSC with PCM. Min 45% (40% reserved). TNEA counselling — confirm cut-off % is current"
220,Admissions – Eligibility: Arts,–,admin,content,–,–,admissions.ts,"B.Sc/B.Com/BBA: 12th HSC from recognized board. Min 50%. Merit-based"
221,Admissions – Eligibility: Polytechnic,–,admin,content,–,–,admissions.ts,"Diploma: 10th SSLC with Maths & Science. Min 35%. DOTE counselling"
222,Admissions – Scholarships section,–,admin,content,–,–,admissions.ts,"Scholarships section heading. Actual scheme names and amounts need to be added to data file"
223,Admissions – Process step 1,–,admin,content,–,–,admissions.ts,"Submit Application — fill online form with documents"
224,Admissions – Process step 2,–,admin,content,–,–,admissions.ts,"Document Verification — submit originals at admissions office"
225,Admissions – Process step 3,–,admin,content,–,–,admissions.ts,"Merit List — check notice board and website"
226,Admissions – Process step 4,–,admin,content,–,–,admissions.ts,"Counselling — branch allocation session"
227,Admissions – Process step 5,–,admin,content,–,–,admissions.ts,"Allotment Letter — confirmation of admission"
228,Admissions – Process step 6,–,admin,content,–,–,admissions.ts,"Fee Payment — confirm admission"
229,Admissions – Process step 7,–,admin,content,–,–,admissions.ts,"Welcome to JCT! — orientation program"
230,Admissions – Seats note,–,admin,content,–,–,admissions.ts,"Seat availability for 2026-27. Note: Updated regularly. Contact admissions office — confirm this is live-updated or static"
231,Admissions – Apply Now: form fields,–,admin,content,–,–,admissions.ts,"Form needs: Full Name, Email, Phone, Program, Course, Message — confirm these fields match backend API"
232,Admissions – Apply Now: Submit button,–,admin,redirect,POST /api/admissions/apply,–,admissions.ts,"On click → submits application to backend. Confirm endpoint exists and sends confirmation email"
233,Admissions – Prospectus download,–,admin,redirect,/admissions/prospectus,–,admissions.ts,"On click → opens or downloads PDF prospectus. Confirm PDF is available and up to date"
234,Placements – Overview heading,–,all,content,–,–,placements.ts,"Training & Placement Cell — Bridging academia and industry since 2009"
235,Placements – Year stats: 2023-24,–,all,content,–,–,placements.ts,"450 placed / 470 eligible / 96% rate / Highest 12 LPA / Avg 4.5 LPA — confirm latest year data"
236,Placements – Year stats: 2022-23,–,all,content,–,–,placements.ts,"420 placed / 440 eligible / 95% / 10 LPA highest / 4.2 LPA avg"
237,Placements – Year stats: 2021-22,–,all,content,–,–,placements.ts,"380 placed / 410 eligible / 93% / 9.5 LPA highest / 3.8 LPA avg"
238,Placements – Year stats: 2020-21,–,all,content,–,–,placements.ts,"350 placed / 380 eligible / 92% / 8 LPA highest / 3.5 LPA avg"
239,Placements – Internship: Summer,–,all,content,–,–,placements.ts,"Summer Internship — 6-8 weeks — pre-final year"
240,Placements – Internship: Industrial,–,all,content,–,–,placements.ts,"Industrial Training — 4-6 weeks — manufacturing and IT companies"
241,Placements – Internship: In-Plant,–,all,content,–,–,placements.ts,"In-Plant Training — 2 weeks — short-term industry visits"
242,Placements – Internship: Research,–,all,content,–,–,placements.ts,"Research Internship — 8-12 weeks — research labs and academic institutions"
243,Placements – Career: Aptitude Training,–,all,content,–,–,placements.ts,"Aptitude Training — quant, logical, verbal for competitive exams"
244,Placements – Career: Soft Skills,–,all,content,–,–,placements.ts,"Soft Skills — communication, GD, PI"
245,Placements – Career: Tech Workshops,–,all,content,–,–,placements.ts,"Technical Workshops — coding bootcamps, certifications"
246,Placements – Career: Mock Interviews,–,all,content,–,–,placements.ts,"Mock Interviews — sessions with industry professionals"
247,Placements – Career: Resume Workshops,–,all,content,–,–,placements.ts,"Resume & LinkedIn Workshops — writing, profile optimization"
248,Placements – Career: Entrepreneurship,–,all,content,–,–,placements.ts,"Entrepreneurship Development — venture guidance"
249,Placements – MoU: TCS,–,all,content,–,–,placements.ts,"TCS — Campus recruitment, TCS iON courses — since 2019"
250,Placements – MoU: Infosys,–,all,content,–,–,placements.ts,"Infosys — InfyTQ, campus connect — since 2020"
251,Placements – MoU: Zoho,–,all,content,–,–,placements.ts,"Zoho — Zoho Schools program, technical training — since 2021"
252,Placements – MoU: L&T,–,all,content,–,–,placements.ts,"L&T — Industrial training, project collaboration — since 2018"
253,Placements – MoU: NASSCOM,–,all,content,–,–,placements.ts,"NASSCOM — FutureSkills Prime AI/ML — since 2022"
254,Placements – MoU: AWS,–,all,content,–,–,placements.ts,"Amazon Web Services — AWS Academy, cloud training — since 2023"
255,Placements – MoU: Robert Bosch,–,all,content,–,–,placements.ts,"Robert Bosch — Industry 4.0 training, internships — since 2022"
256,Campus – Facility: Smart Classrooms,–,all,content,–,–,campus.ts,"ICT-enabled classrooms — projectors, smart boards, video conferencing"
257,Campus – Facility: Central Library,–,all,content,–,–,campus.ts,"50000+ books, 200+ journals, IEEE/Springer/NPTEL digital access"
258,Campus – Facility: Laboratories,–,all,content,–,–,campus.ts,"50+ specialized labs across departments — confirm current count"
259,Campus – Facility: Hostel,–,all,content,–,–,campus.ts,"Separate boys & girls hostels — Boys 500 capacity, Girls 300 — confirm current capacity"
260,Campus – Facility: Sports Complex,–,all,content,–,–,campus.ts,"Cricket ground, basketball court, gym — confirm active facilities"
261,Campus – Facility: Transport,–,all,content,–,–,campus.ts,"30+ buses covering Coimbatore routes — confirm current fleet size"
262,Campus – Facility: WiFi Campus,–,all,content,–,–,campus.ts,"High-speed internet across campus — confirm speed/coverage"
263,Campus – Facility: Medical Centre,–,all,content,–,–,campus.ts,"On-campus doctor and first-aid — confirm availability hours"
264,Campus – Facility: Cafeteria,–,all,content,–,–,campus.ts,"Hygienic cafeteria — affordable prices — confirm it is operational"
265,Campus – Facility: Auditorium,–,all,content,–,–,campus.ts,"Air-conditioned auditorium — 1000+ seats — confirm capacity"
266,Campus – Hostel image,https://jct1.teammistake.com/site_assests/hostel-1.jpeg,all,image,,16:9,campus.ts,"Hostel facility photo. 800×500px. JPEG. Confirm this is current and accurate"
267,Campus – Library stats,–,all,content,–,–,campus.ts,"50000 books · 200 journals · 50 magazines · 10000 ebooks · 5000 project reports"
268,Campus – Library digital resources,–,all,content,–,–,campus.ts,"IEEE Xplore · Springer · NPTEL · DELNET · J-Gate · NDL — confirm active subscriptions"
269,Research – Key areas (6),–,all,content,–,–,research.ts,"AI & ML · IoT & Embedded Systems · Renewable Energy · Advanced Materials · Data Science & Cybersecurity · Environmental Science — confirm these are the current focus areas"
270,Research – R&D Cell functions,–,all,content,–,–,research.ts,"Facilitates research projects, funding, publications, IP protection — confirm cell is active"
271,Research – Centre: AI & Data Science,–,all,content,–,–,research.ts,"Centre for AI & Data Science — established 2021 — ML, deep learning, NLP"
272,Research – Centre: Sustainable Eng,–,all,content,–,–,research.ts,"Centre for Sustainable Engineering — established 2020 — renewable energy, waste management"
273,Research – Centre: IoT & Embedded,–,all,content,–,–,research.ts,"Centre for IoT & Embedded Systems — established 2022 — smart systems, sensor networks"
274,Research – Centre: Advanced Manufacturing,–,all,content,–,–,research.ts,"Centre for Advanced Manufacturing — established 2019 — additive manufacturing, Industry 4.0"
275,Research – Publication stats,–,all,content,–,–,research.ts,"350 total papers · 120 Scopus-indexed · 45 Web of Science · 185 UGC-listed — confirm these are up-to-date"
276,Research – Recent paper 1,–,all,content,–,–,research.ts,"Deep Learning for Medical Image Analysis — Dr. A. Priya, Dr. S. Kumar — IEEE Transactions — 2024"
277,Research – External link: Anna Univ results,–,all,redirect,https://aucoe.annauniv.edu/result/,–,examinations.ts,"On click → opens Anna University results portal in new tab"
278,Research – External link: Bharathiar results,–,all,redirect,https://www.b-u.ac.in/results/,–,examinations.ts,"On click → opens Bharathiar University results portal"
279,Research – External link: DOTE results,–,all,redirect,https://www.tndte.gov.in/,–,examinations.ts,"On click → opens DOTE results portal for polytechnic students"
280,Quality – NAAC: Grade A,–,all,content,–,–,quality.ts,"NAAC Grade A — 2024 — confirm this is still the current grade and year"
281,Quality – NBA: CSE ECE MECH,–,all,content,–,–,quality.ts,"NBA Accreditation for CSE, ECE, MECH — 2023 — confirm which departments are currently accredited"
282,Quality – AICTE Approval,–,all,content,–,–,quality.ts,"AICTE Approval — continuous — confirm latest approval order is on file"
283,Quality – ISO 9001:2015,–,all,content,–,–,quality.ts,"ISO certified — 2022 — confirm certificate is not expired"
284,Quality – Anna University affiliation,–,all,content,–,–,quality.ts,"Engineering affiliated to Anna University — confirm current affiliation letter year"
285,Quality – Bharathiar affiliation,–,all,content,–,–,quality.ts,"Arts & Science affiliated to Bharathiar University — confirm"
286,Governance – Anti-Ragging helpline,–,all,content,–,–,governance.ts,"1800-180-5522 — confirm this number is active and prominently displayed"
287,Governance – Anti-Ragging committee: Chair,–,all,content,–,–,governance.ts,"Dr. S. Karthikeyan — Chairman of Anti-Ragging Committee — confirm"
288,Governance – ICC process steps,–,all,content,–,–,governance.ts,"5-step complaint process for sexual harassment — confirm legal compliance is current"
289,Governance – Grievance cell,–,all,content,–,–,governance.ts,"Grievance Redressal Cell — confirm complaint submission mechanism is live"
290,Academics – Calendar 2025-26,–,all,content,–,–,academics.ts,"Academic calendar with 12 monthly entries June 2025 – May 2026 — confirm dates are finalized"
291,Academics – Attendance rule,–,all,content,–,–,academics.ts,"75% minimum attendance required to appear for exams — confirm this matches current regulation"
292,Academics – CIA weightage,–,all,content,–,–,academics.ts,"40% CIA + 60% End Sem Exam — confirm this is current pattern for both Anna & Bharathiar"
293,Examinations – Team: Controller,–,all,content,–,–,examinations.ts,"Dr. V. Ramesh — Controller of Examinations — exam@jct.ac.in — confirm this person and email are active"
294,Examinations – Team: Asst Controller,–,all,content,–,–,examinations.ts,"Mrs. S. Priya — Assistant Controller — exam.assist@jct.ac.in — confirm"
295,Examinations – Notification: Apr 2026 exam,–,all,content,–,–,examinations.ts,"End Semester Exam from April 15, 2026. Hall tickets from April 5 — confirm these dates are finalized"
296,Examinations – Notification: Mar 2026 internal,–,all,content,–,–,examinations.ts,"Second internal assessment March 10-15, 2026 — confirm"
297,Compliance – Student conduct rules,–,all,content,–,–,compliance.ts,"Students: discipline, attendance, dress code, mobile off in class — confirm current rules"
298,Compliance – Faculty conduct rules,–,all,content,–,–,compliance.ts,"Faculty: professionalism, research, fair evaluation — confirm"
299,Compliance – Policies list (8),–,all,content,–,–,compliance.ts,"8 policy documents: Admission, Exam, Anti-Ragging, IT, Library, Hostel, Leave, Research Ethics — confirm PDFs are available for download"
300,Site – Chatbot video,https://jct1.teammistake.com/assets/videos/promo.mp4,all,image,,16:9,ChatbotButton.tsx,"Promo video in chatbot panel. 380px wide. File is 8MB — compress to under 3MB. Currently commented out"